{
    "silver": {
        "template": "uniform",
        "block": [
            {"name": "ThermalFoundation:Ore", "metadata": 2, "weight":80},
            {"name": "ThermalFoundation:Ore", "metadata": 3, "weight":20}
        ],
        "clusterSize": 8,
        "numClusters": 6,
        "minHeight": 5,
        "maxHeight": 30,
        "retrogen": "true",
        "biomeRestriction": "none",
        "biomes": [
            "all"
        ],
        "dimensionRestriction": "blacklist",
        "dimensions": [
            -1,
            1
        ]
    },
    "nickel": {
        "template": "uniform",
        "block": {"name": "ThermalFoundation:Ore", "metadata": 4},
        "clusterSize": 4,
        "numClusters": 3,
        "minHeight": 5,
        "maxHeight": 20,
        "retrogen": "true",
        "biomeRestriction": "none",
        "biomes": [
            "all"
        ],
        "dimensionRestriction": "blacklist",
        "dimensions": [
            -1,
            1
        ]
    },
    "platinum": {
        "template": "uniform",
        "generator": "sparse-cluster",
        "block": [
            {"name": "ThermalFoundation:Ore", "metadata": 5, "weight": 80},
            {"name": "ThermalFoundation:Ore", "metadata": 4, "weight": 20}
        ],
        "clusterSize": 3,
        "numClusters": 1,
        "minHeight": 5,
        "maxHeight": 30,
        "retrogen": "true",
        "biomeRestriction": "none",
        "biomes": [
            "all"
        ],
        "dimensionRestriction": "blacklist",
        "dimensions": [
            -1,
            1
        ]
    }
}